{"cameraMode":{"drawMode":0,"name":"Shaded","section":"Shading Mode"},"sceneLighting":false,"audioPlay":false,"sceneViewState":{"showFog":true,"showMaterialUpdate":false,"showSkybox":false,"showFlares":true,"showImageEffects":true,"showParticleSystems":true},"in2DMode":false,"pivot":{"x":0.0,"y":0.6340000033378601,"z":-0.047499995678663257},"rotation":{"x":0.060405973345041278,"y":0.20806589722633363,"z":-0.012924714013934136,"w":0.9762097597122192},"size":0.34075066447257998,"orthographic":false}