{"cameraMode":{"drawMode":0,"name":"Shaded","section":"Shading Mode"},"sceneLighting":false,"audioPlay":false,"sceneViewState":{"showFog":true,"showMaterialUpdate":false,"showSkybox":false,"showFlares":true,"showImageEffects":true,"showParticleSystems":true},"in2DMode":false,"pivot":{"x":0.0,"y":0.6340000033378601,"z":-0.047499995678663257},"rotation":{"x":0.16529908776283265,"y":-0.16049203276634217,"z":0.027212440967559816,"w":0.9727644920349121},"size":0.34075066447257998,"orthographic":false}