{"cameraMode":{"drawMode":0,"name":"Shaded","section":"Shading Mode"},"sceneLighting":false,"audioPlay":false,"sceneViewState":{"showFog":true,"showMaterialUpdate":false,"showSkybox":false,"showFlares":true,"showImageEffects":true,"showParticleSystems":true},"in2DMode":false,"pivot":{"x":-0.00022155791521072388,"y":0.09589104354381561,"z":-0.1091422587633133},"rotation":{"x":-0.036105331033468249,"y":-0.8797858953475952,"z":0.0677100121974945,"w":-0.4691459834575653},"size":0.19175180792808534,"orthographic":false}