{"cameraMode":{"drawMode":0,"name":"Shaded","section":"Shading Mode"},"sceneLighting":false,"audioPlay":false,"sceneViewState":{"showFog":true,"showMaterialUpdate":false,"showSkybox":true,"showFlares":true,"showImageEffects":true,"showParticleSystems":true},"in2DMode":false,"pivot":{"x":-0.0625251978635788,"y":0.5867801308631897,"z":0.7187806963920593},"rotation":{"x":-0.16715538501739503,"y":0.06472723186016083,"z":-0.011172640137374401,"w":-0.9838106632232666},"size":0.6367191076278687,"orthographic":false}