{"cameraMode":{"drawMode":0,"name":"Shaded","section":"Shading Mode"},"sceneLighting":false,"audioPlay":false,"sceneViewState":{"showFog":true,"showMaterialUpdate":false,"showSkybox":false,"showFlares":true,"showImageEffects":true,"showParticleSystems":true},"in2DMode":false,"pivot":{"x":0.0,"y":0.6340000033378601,"z":-0.047499995678663257},"rotation":{"x":0.3408297896385193,"y":-0.05075310543179512,"z":0.018380984663963319,"w":0.9386227130889893},"size":0.34075066447257998,"orthographic":false}