{"cameraMode":{"drawMode":0,"name":"Shaded","section":"Shading Mode"},"sceneLighting":false,"audioPlay":false,"sceneViewState":{"showFog":true,"showMaterialUpdate":false,"showSkybox":false,"showFlares":true,"showImageEffects":true,"showParticleSystems":true},"in2DMode":false,"pivot":{"x":0.00013253092765808105,"y":1.1615962982177735,"z":1.1959999799728394},"rotation":{"x":0.07397797703742981,"y":-0.5697394609451294,"z":0.05158891901373863,"w":0.8169032335281372},"size":0.44942110776901247,"orthographic":false}